decision_id,decision_maker_id,scenario_id,treatment_group,estimated_effect,standard_error,ci_width,evidence_strength,true_effect,chosen_option,decision_time_sec,correct_direction
1,1.0,13,1,-5.758402445049174,1.178656882268263,4.6203349784915915,Low,-5.531674870030141,0,24.965288230294757,1
2,1.0,16,1,5.554396647633441,1.0497360742052937,4.114965410884751,Moderate,6.781200142854114,1,20.85020742250564,1
3,1.0,11,1,-1.7803558706527691,0.7781168900630825,3.050218209047283,High,-2.3958711892264497,0,23.4027943109361,1
4,1.0,18,1,4.030810314234132,0.7039650654901388,2.759543056721344,High,5.01766448946012,1,22.07689494858457,1
5,1.0,6,1,3.7688987551463393,0.895981114390287,3.512245968409925,Moderate,4.656400595580993,1,22.09965136508764,1
6,1.0,8,1,-2.6002038109280274,2.0937297028242496,8.20742043507106,Low,-1.546061879256073,0,24.63446070316746,1
7,1.0,24,0,6.758195068327186,1.0025599995383618,3.9300351981903785,Moderate,7.82321827907003,1,19.080575765766195,1
8,1.0,22,1,9.487459845816073,1.1595826298635443,4.545563909065094,Low,7.690182832329846,1,24.11448762617115,1
9,1.0,3,0,-2.6840616303451195,0.8611352731411688,3.3756502707133818,Moderate,-3.3846100015297935,0,20.22745993460413,1
10,1.0,2,1,-0.5601209578489339,1.0444845750471543,4.094379534184845,Moderate,-1.9254114020815827,0,21.794133282904493,1
11,2.0,7,0,-3.987076468807626,1.1954901704476888,4.68632146815494,Low,-4.196087616113193,0,21.049347392320865,1
12,2.0,23,0,1.3307341914922446,1.1394294288326239,4.466563361023885,Low,-0.17913019554975765,1,20.787084603742453,0
13,2.0,10,0,5.391669635703372,0.6674793660657374,2.6165191149776907,High,4.877725635611796,1,20.42448624405645,1
14,2.0,2,1,-0.9430364913058114,1.0444845750471543,4.094379534184845,Moderate,-1.9254114020815827,0,21.24626383564251,1
15,2.0,13,0,-4.496020245187868,1.178656882268263,4.6203349784915915,Low,-5.531674870030141,0,21.209381970686636,1
16,2.0,21,1,2.0657705685484404,0.48106279134190105,1.885766142060252,High,1.8069780275420697,1,24.72016916658962,1
17,2.0,11,0,-3.1452099132631766,0.7781168900630825,3.050218209047283,High,-2.3958711892264497,0,20.041980064470025,1
18,2.0,17,0,-0.5828530617872989,1.6230749952618961,6.362453981426633,Low,-0.3600506079016692,0,20.71400049409209,1
19,2.0,15,0,3.902179112397474,1.2925715924671333,5.066880642471162,Low,4.06262911197099,1,19.54753776765533,1
20,2.0,25,0,-12.407676427325729,0.8893240789140376,3.4861503893430275,Moderate,-13.098725520448722,0,20.85639879432347,1
21,3.0,12,1,-0.11429473354744557,1.5804364749402076,6.195310981765614,Low,-0.9282948833190856,1,25.570890510693168,0
22,3.0,4,1,4.24726095555662,1.0469491760627798,4.104040770166097,Moderate,3.0583814442043393,1,22.17618092205232,1
23,3.0,7,0,-5.119992563566986,1.1954901704476888,4.68632146815494,Low,-4.196087616113193,0,19.514636452170897,1
24,3.0,13,0,-5.435173352162661,1.178656882268263,4.6203349784915915,Low,-5.531674870030141,0,20.357304541936635,1
25,3.0,5,1,4.9803011154269585,0.37017313242997224,1.4510786791254913,High,5.154997612479755,1,22.064280019095463,1
26,3.0,6,1,3.690761628423581,0.895981114390287,3.512245968409925,Moderate,4.656400595580993,1,20.72912819312396,1
27,3.0,23,0,-0.12720430003730335,1.1394294288326239,4.466563361023885,Low,-0.17913019554975765,1,22.143944089325327,0
28,3.0,9,1,2.145524352361013,0.7717187497455756,3.0251374990026565,High,1.6563171570178197,1,22.44207401686673,1
29,3.0,16,0,6.086499017365947,1.0497360742052937,4.114965410884751,Moderate,6.781200142854114,1,19.2074792615673,1
30,3.0,21,0,1.7517825947413665,0.48106279134190105,1.885766142060252,High,1.8069780275420697,1,21.661301730608155,1
31,4.0,4,0,3.5230378288226873,1.0469491760627798,4.104040770166097,Moderate,3.0583814442043393,1,19.073069528421918,1
32,4.0,9,0,1.610380323659647,0.7717187497455756,3.0251374990026565,High,1.6563171570178197,1,19.894881495253586,1
33,4.0,12,0,1.6516274835191758,1.5804364749402076,6.195310981765614,Low,-0.9282948833190856,1,19.559955513303017,0
34,4.0,23,0,-0.030160534247419074,1.1394294288326239,4.466563361023885,Low,-0.17913019554975765,1,22.34799692845032,0
35,4.0,20,1,-4.03236726418027,0.8219677842811336,3.2221137143820435,High,-3.2255987730256215,0,22.19905969557347,1
36,4.0,18,0,4.5951327762227425,0.7039650654901388,2.759543056721344,High,5.01766448946012,1,20.12609482782403,1
37,4.0,17,1,2.214173628448736,1.6230749952618961,6.362453981426633,Low,-0.3600506079016692,1,27.133033374656268,0
38,4.0,14,1,-7.478866071656288,0.7672979420389379,3.0078079327926366,High,-5.981033120403354,0,21.891502111436488,1
39,4.0,11,1,-2.177226670971449,0.7781168900630825,3.050218209047283,High,-2.3958711892264497,0,21.791877749642726,1
40,4.0,10,1,4.548657684275902,0.6674793660657374,2.6165191149776907,High,4.877725635611796,1,21.64451135908364,1
41,5.0,22,1,7.217171274801592,1.1595826298635443,4.545563909065094,Low,7.690182832329846,1,25.012146509073226,1
42,5.0,23,1,0.8816034960336493,1.1394294288326239,4.466563361023885,Low,-0.17913019554975765,1,24.689733243406543,0
43,5.0,19,0,1.5780978315038372,0.8488854091806922,3.3276308039883133,Moderate,1.8081801252381706,1,21.91231763983997,1
44,5.0,12,0,0.7552288520322068,1.5804364749402076,6.195310981765614,Low,-0.9282948833190856,1,18.785811387212267,0
45,5.0,24,1,8.595869544760946,1.0025599995383618,3.9300351981903785,Moderate,7.82321827907003,1,21.300853421908084,1
46,5.0,6,1,4.648500688660044,0.895981114390287,3.512245968409925,Moderate,4.656400595580993,1,21.85294261849786,1
47,5.0,17,0,0.6362599245051114,1.6230749952618961,6.362453981426633,Low,-0.3600506079016692,1,19.56669659309744,0
48,5.0,16,1,6.995160212682613,1.0497360742052937,4.114965410884751,Moderate,6.781200142854114,1,22.232049937357637,1
49,5.0,7,0,-2.8160683513316793,1.1954901704476888,4.68632146815494,Low,-4.196087616113193,0,19.335772556695577,1
50,5.0,14,0,-4.937422468137363,0.7672979420389379,3.0078079327926366,High,-5.981033120403354,0,21.475356216949553,1
51,6.0,16,1,4.79011616217949,1.0497360742052937,4.114965410884751,Moderate,6.781200142854114,1,21.83192921079447,1
52,6.0,14,1,-5.762218680679389,0.7672979420389379,3.0078079327926366,High,-5.981033120403354,0,21.032888945399034,1
53,6.0,4,1,2.119020606352029,1.0469491760627798,4.104040770166097,Moderate,3.0583814442043393,1,22.366909417096974,1
54,6.0,2,1,-1.7065951605413114,1.0444845750471543,4.094379534184845,Moderate,-1.9254114020815827,0,21.399395318750415,1
55,6.0,5,0,4.789551884249109,0.37017313242997224,1.4510786791254913,High,5.154997612479755,1,18.790877610439015,1
56,6.0,6,0,6.080243726078621,0.895981114390287,3.512245968409925,Moderate,4.656400595580993,1,18.66215517619162,1
57,6.0,25,0,-13.538846162078826,0.8893240789140376,3.4861503893430275,Moderate,-13.098725520448722,0,19.354677790802512,1
58,6.0,24,1,6.218509706598189,1.0025599995383618,3.9300351981903785,Moderate,7.82321827907003,1,21.59644504315309,1
59,6.0,11,0,-2.491415188855631,0.7781168900630825,3.050218209047283,High,-2.3958711892264497,0,20.78027516442,1
60,6.0,15,0,4.257910779240617,1.2925715924671333,5.066880642471162,Low,4.06262911197099,1,21.037158464944625,1
61,7.0,4,1,4.774184556620808,1.0469491760627798,4.104040770166097,Moderate,3.0583814442043393,1,22.16642953580316,1
62,7.0,8,1,0.1447413333192109,2.0937297028242496,8.20742043507106,Low,-1.546061879256073,1,26.35597038530819,0
63,7.0,13,0,-6.305497237087229,1.178656882268263,4.6203349784915915,Low,-5.531674870030141,0,19.12789623459644,1
64,7.0,16,1,6.076802136664901,1.0497360742052937,4.114965410884751,Moderate,6.781200142854114,1,21.73173693805049,1
65,7.0,7,1,-3.0758266290797547,1.1954901704476888,4.68632146815494,Low,-4.196087616113193,0,25.413712799952073,1
66,7.0,3,0,-2.228890250794697,0.8611352731411688,3.3756502707133818,Moderate,-3.3846100015297935,0,19.610089608990222,1
67,7.0,14,1,-5.825184513063773,0.7672979420389379,3.0078079327926366,High,-5.981033120403354,0,23.610578463223302,1
68,7.0,2,1,-0.5947449568995371,1.0444845750471543,4.094379534184845,Moderate,-1.9254114020815827,0,21.546203335027844,1
69,7.0,19,1,2.543374749628495,0.8488854091806922,3.3276308039883133,Moderate,1.8081801252381706,1,22.22007432880362,1
70,7.0,21,1,0.9007117776482927,0.48106279134190105,1.885766142060252,High,1.8069780275420697,1,23.419672977543744,1
71,8.0,18,1,5.346964948341178,0.7039650654901388,2.759543056721344,High,5.01766448946012,1,20.634335213516344,1
72,8.0,19,1,2.2361090830973636,0.8488854091806922,3.3276308039883133,Moderate,1.8081801252381706,1,20.698396674258,1
73,8.0,1,0,4.158696767947179,1.5082518307886812,5.91234717669163,Low,1.620419846973975,1,20.78603395571208,1
74,8.0,21,0,1.6688456107693905,0.48106279134190105,1.885766142060252,High,1.8069780275420697,1,18.839674974730695,1
75,8.0,4,0,5.11485446957852,1.0469491760627798,4.104040770166097,Moderate,3.0583814442043393,1,18.773946995801897,1
76,8.0,12,0,-0.8624455754160034,1.5804364749402076,6.195310981765614,Low,-0.9282948833190856,0,19.224768206332314,1
77,8.0,23,1,0.732061517442968,1.1394294288326239,4.466563361023885,Low,-0.17913019554975765,1,25.768727492147327,0
78,8.0,8,1,-3.1798899380482113,2.0937297028242496,8.20742043507106,Low,-1.546061879256073,0,25.12743440666809,1
79,8.0,24,0,8.224461809856553,1.0025599995383618,3.9300351981903785,Moderate,7.82321827907003,1,20.471826991266397,1
80,8.0,7,0,-3.4177457405418767,1.1954901704476888,4.68632146815494,Low,-4.196087616113193,0,20.901863437017887,1
81,9.0,8,1,1.5514728788050849,2.0937297028242496,8.20742043507106,Low,-1.546061879256073,1,23.476923761119647,0
82,9.0,18,1,4.218054860119442,0.7039650654901388,2.759543056721344,High,5.01766448946012,1,22.59540113571042,1
83,9.0,6,0,5.101325247832151,0.895981114390287,3.512245968409925,Moderate,4.656400595580993,1,19.793761041044135,1
84,9.0,25,1,-15.124561677579944,0.8893240789140376,3.4861503893430275,Moderate,-13.098725520448722,0,22.907871947242427,1
85,9.0,11,1,-0.9990233272630673,0.7781168900630825,3.050218209047283,High,-2.3958711892264497,0,22.566340130519023,1
86,9.0,2,1,-1.0565901478957782,1.0444845750471543,4.094379534184845,Moderate,-1.9254114020815827,0,21.914236830767166,1
87,9.0,22,0,8.43299060059121,1.1595826298635443,4.545563909065094,Low,7.690182832329846,1,21.846980331447604,1
88,9.0,24,1,8.089854393791235,1.0025599995383618,3.9300351981903785,Moderate,7.82321827907003,1,21.124301258332757,1
89,9.0,3,1,-2.625149047260556,0.8611352731411688,3.3756502707133818,Moderate,-3.3846100015297935,0,21.25203001017351,1
90,9.0,21,1,0.7780807779769641,0.48106279134190105,1.885766142060252,High,1.8069780275420697,0,22.22966246423314,0
91,10.0,4,1,3.664882700128047,1.0469491760627798,4.104040770166097,Moderate,3.0583814442043393,1,22.76284729079812,1
92,10.0,13,1,-4.779731029571114,1.178656882268263,4.6203349784915915,Low,-5.531674870030141,0,24.319255725429446,1
93,10.0,16,1,6.4935258951363,1.0497360742052937,4.114965410884751,Moderate,6.781200142854114,1,23.70929249472962,1
94,10.0,18,0,5.598365403011062,0.7039650654901388,2.759543056721344,High,5.01766448946012,1,20.295550450979153,1
95,10.0,19,1,-0.16662590097429186,0.8488854091806922,3.3276308039883133,Moderate,1.8081801252381706,0,20.139090119145354,0
96,10.0,12,0,0.6473055639174836,1.5804364749402076,6.195310981765614,Low,-0.9282948833190856,1,20.05491929865226,0
97,10.0,10,0,3.349824478948519,0.6674793660657374,2.6165191149776907,High,4.877725635611796,1,21.214722059686547,1
98,10.0,14,1,-6.656917982036115,0.7672979420389379,3.0078079327926366,High,-5.981033120403354,0,21.967669749074886,1
99,10.0,24,1,8.795779455647391,1.0025599995383618,3.9300351981903785,Moderate,7.82321827907003,1,21.647875279696326,1
100,10.0,21,1,1.6023718074191904,0.48106279134190105,1.885766142060252,High,1.8069780275420697,1,21.961187717279973,1
101,11.0,7,0,-3.992143922596919,1.1954901704476888,4.68632146815494,Low,-4.196087616113193,0,19.109156657548922,1
102,11.0,24,1,5.4925473363574895,1.0025599995383618,3.9300351981903785,Moderate,7.82321827907003,1,20.874510952701623,1
103,11.0,1,1,1.3144766647879045,1.5082518307886812,5.91234717669163,Low,1.620419846973975,1,26.782163618536078,1
104,11.0,17,1,0.5980093666352602,1.6230749952618961,6.362453981426633,Low,-0.3600506079016692,1,25.471468357135997,0
105,11.0,9,1,0.6210987769883807,0.7717187497455756,3.0251374990026565,High,1.6563171570178197,0,22.18388335190516,0
106,11.0,16,1,6.886273939793568,1.0497360742052937,4.114965410884751,Moderate,6.781200142854114,1,21.87421307990035,1
107,11.0,18,1,6.804814337153982,0.7039650654901388,2.759543056721344,High,5.01766448946012,1,21.41191317368545,1
108,11.0,14,0,-6.083391324129765,0.7672979420389379,3.0078079327926366,High,-5.981033120403354,0,18.34514332813423,1
109,11.0,10,1,4.724285764991298,0.6674793660657374,2.6165191149776907,High,4.877725635611796,1,23.270125546575716,1
110,11.0,3,0,-4.089427019981597,0.8611352731411688,3.3756502707133818,Moderate,-3.3846100015297935,0,18.496857046881892,1
111,12.0,8,0,-3.1844968786636483,2.0937297028242496,8.20742043507106,Low,-1.546061879256073,0,19.885155980516977,1
112,12.0,2,0,-1.7634780401686716,1.0444845750471543,4.094379534184845,Moderate,-1.9254114020815827,0,19.456575228866235,1
113,12.0,13,1,-3.8950128220301248,1.178656882268263,4.6203349784915915,Low,-5.531674870030141,0,22.921623345081056,1
114,12.0,3,1,-4.452968933699161,0.8611352731411688,3.3756502707133818,Moderate,-3.3846100015297935,0,21.62855913400421,1
115,12.0,12,1,-1.165167488780356,1.5804364749402076,6.195310981765614,Low,-0.9282948833190856,0,25.833223877620743,1
116,12.0,5,0,4.663948509595832,0.37017313242997224,1.4510786791254913,High,5.154997612479755,1,21.27155509499416,1
117,12.0,16,0,6.04169246205351,1.0497360742052937,4.114965410884751,Moderate,6.781200142854114,1,20.098745777637333,1
118,12.0,18,0,4.925906060228914,0.7039650654901388,2.759543056721344,High,5.01766448946012,1,20.712998430172387,1
119,12.0,10,0,5.420963001069923,0.6674793660657374,2.6165191149776907,High,4.877725635611796,1,20.234652005155088,1
120,12.0,21,0,1.9285692975252842,0.48106279134190105,1.885766142060252,High,1.8069780275420697,1,20.615935606944262,1
121,13.0,8,1,0.4423868879374706,2.0937297028242496,8.20742043507106,Low,-1.546061879256073,1,24.644967672353275,0
122,13.0,9,1,1.8550140797028978,0.7717187497455756,3.0251374990026565,High,1.6563171570178197,1,22.333643531450598,1
123,13.0,11,0,-0.6229484071735996,0.7781168900630825,3.050218209047283,High,-2.3958711892264497,0,20.869740440228412,1
124,13.0,15,0,5.429038770516066,1.2925715924671333,5.066880642471162,Low,4.06262911197099,1,18.79983000359839,1
125,13.0,6,0,5.644690403309195,0.895981114390287,3.512245968409925,Moderate,4.656400595580993,1,20.120647225994794,1
126,13.0,21,1,2.4381766433858703,0.48106279134190105,1.885766142060252,High,1.8069780275420697,1,21.996649130341027,1
127,13.0,20,0,-1.7370559951654252,0.8219677842811336,3.2221137143820435,High,-3.2255987730256215,0,19.101200091757537,1
128,13.0,3,1,-4.167927836303287,0.8611352731411688,3.3756502707133818,Moderate,-3.3846100015297935,0,20.667255529211715,1
129,13.0,25,0,-12.043828701025397,0.8893240789140376,3.4861503893430275,Moderate,-13.098725520448722,0,21.403897541198283,1
130,13.0,17,0,-1.164296175694111,1.6230749952618961,6.362453981426633,Low,-0.3600506079016692,0,19.881602099453772,1
131,14.0,12,0,0.03192595003524201,1.5804364749402076,6.195310981765614,Low,-0.9282948833190856,0,19.994663529163336,1
132,14.0,10,1,4.438011037395386,0.6674793660657374,2.6165191149776907,High,4.877725635611796,1,21.29682357487411,1
133,14.0,16,0,6.969990366673515,1.0497360742052937,4.114965410884751,Moderate,6.781200142854114,1,21.975027353630782,1
134,14.0,17,0,-0.4367646837435536,1.6230749952618961,6.362453981426633,Low,-0.3600506079016692,0,19.43753322410573,1
135,14.0,5,1,4.752330336276303,0.37017313242997224,1.4510786791254913,High,5.154997612479755,1,20.23713307112896,1
136,14.0,13,0,-4.183132039220906,1.178656882268263,4.6203349784915915,Low,-5.531674870030141,0,20.620672097550678,1
137,14.0,15,0,5.438660343418592,1.2925715924671333,5.066880642471162,Low,4.06262911197099,1,20.81669851771357,1
138,14.0,9,1,2.133750191080316,0.7717187497455756,3.0251374990026565,High,1.6563171570178197,1,22.459180079228435,1
139,14.0,14,0,-7.152353222299745,0.7672979420389379,3.0078079327926366,High,-5.981033120403354,0,20.818484734638538,1
140,14.0,2,0,-1.7856095918153911,1.0444845750471543,4.094379534184845,Moderate,-1.9254114020815827,0,21.053152853332904,1
141,15.0,13,0,-4.508877652099438,1.178656882268263,4.6203349784915915,Low,-5.531674870030141,0,18.650536428574476,1
142,15.0,25,0,-12.578023194419686,0.8893240789140376,3.4861503893430275,Moderate,-13.098725520448722,0,21.065480375065352,1
143,15.0,9,1,2.6002611137333664,0.7717187497455756,3.0251374990026565,High,1.6563171570178197,1,21.490142422500025,1
144,15.0,6,1,2.4302355441246744,0.895981114390287,3.512245968409925,Moderate,4.656400595580993,1,23.4533844771177,1
145,15.0,15,0,2.9346915523144492,1.2925715924671333,5.066880642471162,Low,4.06262911197099,1,19.69963951191137,1
146,15.0,4,0,2.215810444900707,1.0469491760627798,4.104040770166097,Moderate,3.0583814442043393,1,19.23220243489587,1
147,15.0,11,0,-3.900498935266729,0.7781168900630825,3.050218209047283,High,-2.3958711892264497,0,18.92942192032283,1
148,15.0,17,1,0.7478980983766736,1.6230749952618961,6.362453981426633,Low,-0.3600506079016692,0,24.786011155774492,1
149,15.0,5,1,6.009994919893249,0.37017313242997224,1.4510786791254913,High,5.154997612479755,1,23.167102914383637,1
150,15.0,12,1,1.6337642112463349,1.5804364749402076,6.195310981765614,Low,-0.9282948833190856,1,24.469003044998182,0
151,16.0,7,1,-6.880760678607118,1.1954901704476888,4.68632146815494,Low,-4.196087616113193,0,24.819009261060277,1
152,16.0,8,0,-5.234928328293755,2.0937297028242496,8.20742043507106,Low,-1.546061879256073,0,19.799287051662716,1
153,16.0,20,1,-4.01930533205951,0.8219677842811336,3.2221137143820435,High,-3.2255987730256215,0,22.04559216447005,1
154,16.0,19,1,1.2725401128803284,0.8488854091806922,3.3276308039883133,Moderate,1.8081801252381706,1,23.03047342043583,1
155,16.0,12,1,2.019224253571969,1.5804364749402076,6.195310981765614,Low,-0.9282948833190856,1,26.1037138693906,0
156,16.0,13,1,-5.3754249616682035,1.178656882268263,4.6203349784915915,Low,-5.531674870030141,0,25.06361775995017,1
157,16.0,22,0,7.381458414617683,1.1595826298635443,4.545563909065094,Low,7.690182832329846,1,18.83110373425828,1
158,16.0,18,1,4.494960325831746,0.7039650654901388,2.759543056721344,High,5.01766448946012,1,21.370483451950918,1
159,16.0,2,0,-0.8389323551793599,1.0444845750471543,4.094379534184845,Moderate,-1.9254114020815827,0,20.229627930163655,1
160,16.0,16,0,6.6211454611173295,1.0497360742052937,4.114965410884751,Moderate,6.781200142854114,1,20.34310908295176,1
161,17.0,19,1,1.336584609634853,0.8488854091806922,3.3276308039883133,Moderate,1.8081801252381706,1,22.490419571702766,1
162,17.0,11,1,-2.8656827911269716,0.7781168900630825,3.050218209047283,High,-2.3958711892264497,0,21.958429902457475,1
163,17.0,10,0,4.4862168893184995,0.6674793660657374,2.6165191149776907,High,4.877725635611796,1,21.103666942525805,1
164,17.0,5,0,5.793700359762691,0.37017313242997224,1.4510786791254913,High,5.154997612479755,1,19.543032676422577,1
165,17.0,4,0,3.7685264538757153,1.0469491760627798,4.104040770166097,Moderate,3.0583814442043393,1,21.298659734164335,1
166,17.0,22,0,7.815046538850787,1.1595826298635443,4.545563909065094,Low,7.690182832329846,1,20.577816890881138,1
167,17.0,1,0,2.2702354342677937,1.5082518307886812,5.91234717669163,Low,1.620419846973975,1,19.656311652062218,1
168,17.0,16,0,8.407461216864474,1.0497360742052937,4.114965410884751,Moderate,6.781200142854114,1,19.070667805897727,1
169,17.0,24,1,8.177886690612807,1.0025599995383618,3.9300351981903785,Moderate,7.82321827907003,1,22.50242212919041,1
170,17.0,21,0,2.6348054537001055,0.48106279134190105,1.885766142060252,High,1.8069780275420697,1,20.154247313734068,1
171,18.0,11,0,-2.049877479004853,0.7781168900630825,3.050218209047283,High,-2.3958711892264497,0,20.89073808377489,1
172,18.0,9,0,0.330663609367571,0.7717187497455756,3.0251374990026565,High,1.6563171570178197,1,19.614939738140492,1
173,18.0,20,0,-2.226780502825185,0.8219677842811336,3.2221137143820435,High,-3.2255987730256215,0,20.939848103529688,1
174,18.0,2,0,-1.0417633043914758,1.0444845750471543,4.094379534184845,Moderate,-1.9254114020815827,0,19.088205511248642,1
175,18.0,16,0,5.235454978854941,1.0497360742052937,4.114965410884751,Moderate,6.781200142854114,1,21.183414249539187,1
176,18.0,1,1,0.6239069301747986,1.5082518307886812,5.91234717669163,Low,1.620419846973975,1,24.219525993674658,1
177,18.0,19,1,0.632158162181701,0.8488854091806922,3.3276308039883133,Moderate,1.8081801252381706,1,22.919302869707757,1
178,18.0,6,0,5.151451741218275,0.895981114390287,3.512245968409925,Moderate,4.656400595580993,1,20.132780698264156,1
179,18.0,4,0,3.2788354148877925,1.0469491760627798,4.104040770166097,Moderate,3.0583814442043393,1,21.475853280487286,1
180,18.0,24,0,9.350803109357813,1.0025599995383618,3.9300351981903785,Moderate,7.82321827907003,1,20.55935920872833,1
181,19.0,1,1,1.3397997824620813,1.5082518307886812,5.91234717669163,Low,1.620419846973975,1,25.505991109959535,1
182,19.0,22,0,5.374019333761796,1.1595826298635443,4.545563909065094,Low,7.690182832329846,1,19.24038115895169,1
183,19.0,13,0,-7.1165976009797305,1.178656882268263,4.6203349784915915,Low,-5.531674870030141,0,19.66337727267884,1
184,19.0,8,1,-0.8095826647644768,2.0937297028242496,8.20742043507106,Low,-1.546061879256073,0,24.725252504825583,1
185,19.0,25,1,-12.321649222376161,0.8893240789140376,3.4861503893430275,Moderate,-13.098725520448722,0,25.104867428466722,1
186,19.0,21,1,1.9741005096447646,0.48106279134190105,1.885766142060252,High,1.8069780275420697,1,22.07661610545846,1
187,19.0,18,0,6.080458710037021,0.7039650654901388,2.759543056721344,High,5.01766448946012,1,20.59978385596473,1
188,19.0,5,1,5.574606172753313,0.37017313242997224,1.4510786791254913,High,5.154997612479755,1,20.63696034144888,1
189,19.0,17,0,1.6628313963588068,1.6230749952618961,6.362453981426633,Low,-0.3600506079016692,1,20.7493024173975,0
190,19.0,24,0,7.104094072293192,1.0025599995383618,3.9300351981903785,Moderate,7.82321827907003,1,21.275644482625776,1
191,20.0,10,1,5.617106179543878,0.6674793660657374,2.6165191149776907,High,4.877725635611796,1,20.444101349510106,1
192,20.0,21,0,1.6759384616231454,0.48106279134190105,1.885766142060252,High,1.8069780275420697,1,18.71700777581143,1
193,20.0,11,0,-2.5975983373544524,0.7781168900630825,3.050218209047283,High,-2.3958711892264497,0,20.648924210506994,1
194,20.0,12,1,-3.128256667594185,1.5804364749402076,6.195310981765614,Low,-0.9282948833190856,0,24.65074229568157,1
195,20.0,19,0,2.5272531372376923,0.8488854091806922,3.3276308039883133,Moderate,1.8081801252381706,1,21.214509285305347,1
196,20.0,17,1,-0.5053525181056211,1.6230749952618961,6.362453981426633,Low,-0.3600506079016692,0,25.238789159026513,1
197,20.0,3,0,-3.6660985710238285,0.8611352731411688,3.3756502707133818,Moderate,-3.3846100015297935,0,20.048385118285804,1
198,20.0,1,1,0.5834311777442678,1.5082518307886812,5.91234717669163,Low,1.620419846973975,0,24.919283419891418,0
199,20.0,20,0,-3.709543432347046,0.8219677842811336,3.2221137143820435,High,-3.2255987730256215,0,20.139342593621265,1
200,20.0,16,1,7.256242343635559,1.0497360742052937,4.114965410884751,Moderate,6.781200142854114,1,19.10374462180631,1
201,21.0,17,1,-0.4101835568606627,1.6230749952618961,6.362453981426633,Low,-0.3600506079016692,1,25.96296552911413,0
202,21.0,4,1,3.380444740663628,1.0469491760627798,4.104040770166097,Moderate,3.0583814442043393,1,23.18703030556038,1
203,21.0,3,0,-4.322897051842491,0.8611352731411688,3.3756502707133818,Moderate,-3.3846100015297935,0,19.228371677583123,1
204,21.0,11,1,-2.165059683615386,0.7781168900630825,3.050218209047283,High,-2.3958711892264497,0,22.32876241030348,1
205,21.0,21,1,1.9708280234613524,0.48106279134190105,1.885766142060252,High,1.8069780275420697,1,22.564402987893267,1
206,21.0,9,0,1.9307022444213633,0.7717187497455756,3.0251374990026565,High,1.6563171570178197,1,18.77239218486301,1
207,21.0,22,1,8.526782591443395,1.1595826298635443,4.545563909065094,Low,7.690182832329846,1,26.289756528375374,1
208,21.0,19,0,1.586281542982839,0.8488854091806922,3.3276308039883133,Moderate,1.8081801252381706,1,20.01557904758147,1
209,21.0,14,0,-6.9616572185533725,0.7672979420389379,3.0078079327926366,High,-5.981033120403354,0,19.114836501000152,1
210,21.0,15,0,6.0694264102221,1.2925715924671333,5.066880642471162,Low,4.06262911197099,1,18.676910206592503,1
211,22.0,16,1,6.623752442557837,1.0497360742052937,4.114965410884751,Moderate,6.781200142854114,1,23.02244095239381,1
212,22.0,15,1,1.2374418329657302,1.2925715924671333,5.066880642471162,Low,4.06262911197099,1,26.820780376715355,1
213,22.0,23,1,0.86530325409584,1.1394294288326239,4.466563361023885,Low,-0.17913019554975765,1,23.813302882312065,0
214,22.0,1,0,3.929149780466944,1.5082518307886812,5.91234717669163,Low,1.620419846973975,1,19.904754921774654,1
215,22.0,25,0,-12.688127334000457,0.8893240789140376,3.4861503893430275,Moderate,-13.098725520448722,0,20.522418613282564,1
216,22.0,7,1,-3.9488078242338105,1.1954901704476888,4.68632146815494,Low,-4.196087616113193,0,25.163477479167454,1
217,22.0,13,1,-5.158983474037886,1.178656882268263,4.6203349784915915,Low,-5.531674870030141,0,25.091434127558998,1
218,22.0,4,0,4.434493979831659,1.0469491760627798,4.104040770166097,Moderate,3.0583814442043393,1,20.3948257444077,1
219,22.0,24,0,8.774587554843542,1.0025599995383618,3.9300351981903785,Moderate,7.82321827907003,1,19.177378584510897,1
220,22.0,17,1,-0.6040668231823336,1.6230749952618961,6.362453981426633,Low,-0.3600506079016692,0,22.723087301900392,1
221,23.0,14,0,-6.497801090368194,0.7672979420389379,3.0078079327926366,High,-5.981033120403354,0,19.164652946740244,1
222,23.0,6,1,6.578413701616745,0.895981114390287,3.512245968409925,Moderate,4.656400595580993,1,21.2650895855222,1
223,23.0,7,1,-4.417597191006758,1.1954901704476888,4.68632146815494,Low,-4.196087616113193,0,25.043811471979108,1
224,23.0,12,1,-1.1606222085819689,1.5804364749402076,6.195310981765614,Low,-0.9282948833190856,0,25.267751224364464,1
225,23.0,4,0,2.965954626421859,1.0469491760627798,4.104040770166097,Moderate,3.0583814442043393,1,19.19632543203027,1
226,23.0,5,0,5.761754614769595,0.37017313242997224,1.4510786791254913,High,5.154997612479755,1,21.104049136483354,1
227,23.0,3,1,-2.8946386022228783,0.8611352731411688,3.3756502707133818,Moderate,-3.3846100015297935,0,21.62087225901251,1
228,23.0,2,0,-2.1380479479910446,1.0444845750471543,4.094379534184845,Moderate,-1.9254114020815827,0,19.288701375239462,1
229,23.0,1,0,1.6718263003755807,1.5082518307886812,5.91234717669163,Low,1.620419846973975,1,20.233785911790747,1
230,23.0,11,1,-3.606539870713106,0.7781168900630825,3.050218209047283,High,-2.3958711892264497,0,24.11785594962589,1
231,24.0,11,0,-4.213219773871148,0.7781168900630825,3.050218209047283,High,-2.3958711892264497,0,19.246701775661442,1
232,24.0,9,1,2.2654468141529156,0.7717187497455756,3.0251374990026565,High,1.6563171570178197,1,21.603606164952197,1
233,24.0,16,1,7.094076299800232,1.0497360742052937,4.114965410884751,Moderate,6.781200142854114,1,20.761837225194434,1
234,24.0,18,0,5.0351596673800945,0.7039650654901388,2.759543056721344,High,5.01766448946012,1,19.592176913931457,1
235,24.0,1,0,-0.6969363035388683,1.5082518307886812,5.91234717669163,Low,1.620419846973975,0,20.06002900575201,0
236,24.0,15,1,1.9804973288286907,1.2925715924671333,5.066880642471162,Low,4.06262911197099,1,24.903726691797903,1
237,24.0,21,1,2.0229804949474994,0.48106279134190105,1.885766142060252,High,1.8069780275420697,1,23.689690413358726,1
238,24.0,5,0,5.855748831621436,0.37017313242997224,1.4510786791254913,High,5.154997612479755,1,20.028202711521928,1
239,24.0,13,1,-3.7918050973964057,1.178656882268263,4.6203349784915915,Low,-5.531674870030141,0,26.77421250413802,1
240,24.0,10,0,5.051447525519832,0.6674793660657374,2.6165191149776907,High,4.877725635611796,1,19.477597865772974,1
241,25.0,25,0,-13.429298755790144,0.8893240789140376,3.4861503893430275,Moderate,-13.098725520448722,0,20.5077576703115,1
242,25.0,19,0,1.854010105921546,0.8488854091806922,3.3276308039883133,Moderate,1.8081801252381706,1,18.024533433646127,1
243,25.0,20,0,-2.992735777762232,0.8219677842811336,3.2221137143820435,High,-3.2255987730256215,0,20.540112711683125,1
244,25.0,17,1,-2.4416420513018724,1.6230749952618961,6.362453981426633,Low,-0.3600506079016692,0,26.49072613684995,1
245,25.0,5,0,4.946349886406238,0.37017313242997224,1.4510786791254913,High,5.154997612479755,1,19.632775784045005,1
246,25.0,7,0,-5.041008372265008,1.1954901704476888,4.68632146815494,Low,-4.196087616113193,0,20.170416222375486,1
247,25.0,8,1,-4.75846848631966,2.0937297028242496,8.20742043507106,Low,-1.546061879256073,0,25.499526985095407,1
248,25.0,12,0,2.6888217377503687,1.5804364749402076,6.195310981765614,Low,-0.9282948833190856,1,19.775234598107318,0
249,25.0,11,0,-1.4560543663375323,0.7781168900630825,3.050218209047283,High,-2.3958711892264497,0,20.878643509726043,1
250,25.0,4,0,3.8563644319101136,1.0469491760627798,4.104040770166097,Moderate,3.0583814442043393,1,17.40895770785509,1
251,26.0,23,0,-0.9618222228285219,1.1394294288326239,4.466563361023885,Low,-0.17913019554975765,0,20.732345054421646,1
252,26.0,20,1,-4.243437936284961,0.8219677842811336,3.2221137143820435,High,-3.2255987730256215,0,22.321052333332165,1
253,26.0,8,0,-0.9358445181416672,2.0937297028242496,8.20742043507106,Low,-1.546061879256073,0,19.802195314103493,1
254,26.0,24,1,7.442488760474749,1.0025599995383618,3.9300351981903785,Moderate,7.82321827907003,1,21.28954745016505,1
255,26.0,3,1,-5.4786443319197105,0.8611352731411688,3.3756502707133818,Moderate,-3.3846100015297935,0,20.49057808659324,1
256,26.0,18,1,4.823562136119543,0.7039650654901388,2.759543056721344,High,5.01766448946012,1,21.869484920103005,1
257,26.0,4,0,3.0268520807371444,1.0469491760627798,4.104040770166097,Moderate,3.0583814442043393,1,20.79305638065743,1
258,26.0,9,1,2.603796595962875,0.7717187497455756,3.0251374990026565,High,1.6563171570178197,1,22.18576749208677,1
259,26.0,11,0,-3.233639247250933,0.7781168900630825,3.050218209047283,High,-2.3958711892264497,0,21.255198484453253,1
260,26.0,14,0,-5.836461904989545,0.7672979420389379,3.0078079327926366,High,-5.981033120403354,0,19.85526934871428,1
261,27.0,13,0,-4.551470441712307,1.178656882268263,4.6203349784915915,Low,-5.531674870030141,0,22.363633443675383,1
262,27.0,5,0,5.310973603663793,0.37017313242997224,1.4510786791254913,High,5.154997612479755,1,20.201700559916546,1
263,27.0,24,0,5.652028999880937,1.0025599995383618,3.9300351981903785,Moderate,7.82321827907003,1,19.48854944444977,1
264,27.0,25,1,-13.774967616161355,0.8893240789140376,3.4861503893430275,Moderate,-13.098725520448722,0,24.042984525351258,1
265,27.0,22,0,8.555448788474541,1.1595826298635443,4.545563909065094,Low,7.690182832329846,1,20.302333741763334,1
266,27.0,20,1,-4.589444395583346,0.8219677842811336,3.2221137143820435,High,-3.2255987730256215,0,23.599122335149374,1
267,27.0,10,0,4.779606981658459,0.6674793660657374,2.6165191149776907,High,4.877725635611796,1,19.17153723103227,1
268,27.0,6,1,5.471152078362731,0.895981114390287,3.512245968409925,Moderate,4.656400595580993,1,22.31405296759986,1
269,27.0,7,1,-5.626010099658929,1.1954901704476888,4.68632146815494,Low,-4.196087616113193,0,24.026250352041924,1
270,27.0,11,1,-3.7751690695658784,0.7781168900630825,3.050218209047283,High,-2.3958711892264497,0,23.435247026472535,1
271,28.0,14,1,-5.648700625490739,0.7672979420389379,3.0078079327926366,High,-5.981033120403354,0,21.01291822971198,1
272,28.0,11,1,-1.2390081316077342,0.7781168900630825,3.050218209047283,High,-2.3958711892264497,0,22.083080514282052,1
273,28.0,9,1,2.2945242330340423,0.7717187497455756,3.0251374990026565,High,1.6563171570178197,1,23.126366860995606,1
274,28.0,25,1,-12.401465934393551,0.8893240789140376,3.4861503893430275,Moderate,-13.098725520448722,0,18.648389483095322,1
275,28.0,6,0,6.057478175461075,0.895981114390287,3.512245968409925,Moderate,4.656400595580993,1,19.322524343002836,1
276,28.0,2,0,-1.223781718221641,1.0444845750471543,4.094379534184845,Moderate,-1.9254114020815827,0,19.58817384568108,1
277,28.0,18,0,5.7078916763597185,0.7039650654901388,2.759543056721344,High,5.01766448946012,1,21.792155910760634,1
278,28.0,4,0,3.1432892778805304,1.0469491760627798,4.104040770166097,Moderate,3.0583814442043393,1,19.006621794416144,1
279,28.0,13,0,-2.5704083888331772,1.178656882268263,4.6203349784915915,Low,-5.531674870030141,0,19.69364653922869,1
280,28.0,3,0,-3.3281248273110298,0.8611352731411688,3.3756502707133818,Moderate,-3.3846100015297935,0,20.385884383084324,1
281,29.0,10,1,4.194102063375658,0.6674793660657374,2.6165191149776907,High,4.877725635611796,1,23.221033695525353,1
282,29.0,8,0,-0.32730662755804985,2.0937297028242496,8.20742043507106,Low,-1.546061879256073,0,19.695776118828185,1
283,29.0,22,0,9.875516377170321,1.1595826298635443,4.545563909065094,Low,7.690182832329846,1,19.511150578213726,1
284,29.0,5,0,4.740545320075956,0.37017313242997224,1.4510786791254913,High,5.154997612479755,1,20.771438991915826,1
285,29.0,23,1,0.18909660844095252,1.1394294288326239,4.466563361023885,Low,-0.17913019554975765,0,24.533963498131758,1
286,29.0,9,1,0.4256548997312537,0.7717187497455756,3.0251374990026565,High,1.6563171570178197,0,22.401771282558574,0
287,29.0,3,1,-4.392066655401624,0.8611352731411688,3.3756502707133818,Moderate,-3.3846100015297935,0,21.972485094949363,1
288,29.0,11,0,-1.0168522884164561,0.7781168900630825,3.050218209047283,High,-2.3958711892264497,0,20.778109186126017,1
289,29.0,18,0,4.314836018377534,0.7039650654901388,2.759543056721344,High,5.01766448946012,1,20.766080278384692,1
290,29.0,2,1,-0.6438985751215467,1.0444845750471543,4.094379534184845,Moderate,-1.9254114020815827,0,21.107544160643098,1
291,30.0,7,1,-4.376410117901707,1.1954901704476888,4.68632146815494,Low,-4.196087616113193,0,25.351288809424542,1
292,30.0,17,0,2.3827732062051554,1.6230749952618961,6.362453981426633,Low,-0.3600506079016692,1,20.926720997771525,0
293,30.0,20,1,-2.779710954735684,0.8219677842811336,3.2221137143820435,High,-3.2255987730256215,0,22.408345164394778,1
294,30.0,19,0,1.8041908693770692,0.8488854091806922,3.3276308039883133,Moderate,1.8081801252381706,1,20.610809833754775,1
295,30.0,5,0,5.268664646436656,0.37017313242997224,1.4510786791254913,High,5.154997612479755,1,19.17688193865192,1
296,30.0,1,1,1.3727959488195398,1.5082518307886812,5.91234717669163,Low,1.620419846973975,1,25.035147881424507,1
297,30.0,25,0,-12.198669198872468,0.8893240789140376,3.4861503893430275,Moderate,-13.098725520448722,0,20.239308466820347,1
298,30.0,15,1,5.910133050377656,1.2925715924671333,5.066880642471162,Low,4.06262911197099,1,24.564795671383035,1
299,30.0,2,0,-1.5031709975382024,1.0444845750471543,4.094379534184845,Moderate,-1.9254114020815827,0,19.79914852170938,1
300,30.0,24,1,7.681159862157137,1.0025599995383618,3.9300351981903785,Moderate,7.82321827907003,1,21.73908773388287,1
301,31.0,19,1,3.1516210511929064,0.8488854091806922,3.3276308039883133,Moderate,1.8081801252381706,1,23.828593613064996,1
302,31.0,1,0,4.665529180370813,1.5082518307886812,5.91234717669163,Low,1.620419846973975,1,19.078129028396738,1
303,31.0,2,0,-2.466875234180817,1.0444845750471543,4.094379534184845,Moderate,-1.9254114020815827,0,17.79596242474876,1
304,31.0,9,0,0.8556949156997117,0.7717187497455756,3.0251374990026565,High,1.6563171570178197,1,19.73721661101753,1
305,31.0,25,0,-13.327762239438457,0.8893240789140376,3.4861503893430275,Moderate,-13.098725520448722,0,19.18878678614445,1
306,31.0,11,0,-1.6688689953745923,0.7781168900630825,3.050218209047283,High,-2.3958711892264497,0,20.53557744688843,1
307,31.0,18,1,3.075004325554568,0.7039650654901388,2.759543056721344,High,5.01766448946012,1,20.771199581447863,1
308,31.0,16,1,7.004526074386281,1.0497360742052937,4.114965410884751,Moderate,6.781200142854114,1,21.728087998926565,1
309,31.0,14,0,-4.029281979107975,0.7672979420389379,3.0078079327926366,High,-5.981033120403354,0,19.90589735154048,1
310,31.0,22,1,7.3166353765478265,1.1595826298635443,4.545563909065094,Low,7.690182832329846,1,25.94428964218228,1
311,32.0,18,1,6.279819358885108,0.7039650654901388,2.759543056721344,High,5.01766448946012,1,21.194628172949656,1
312,32.0,17,1,0.6080200395547612,1.6230749952618961,6.362453981426633,Low,-0.3600506079016692,1,26.31759753560796,0
313,32.0,8,1,-2.1818470313959333,2.0937297028242496,8.20742043507106,Low,-1.546061879256073,0,24.83460098185649,1
314,32.0,23,0,1.30893036142295,1.1394294288326239,4.466563361023885,Low,-0.17913019554975765,1,19.977131937701117,0
315,32.0,3,0,-2.9145875798281917,0.8611352731411688,3.3756502707133818,Moderate,-3.3846100015297935,0,19.434715223600918,1
316,32.0,10,0,4.603586080196406,0.6674793660657374,2.6165191149776907,High,4.877725635611796,1,19.67767953078866,1
317,32.0,25,1,-14.449118728918158,0.8893240789140376,3.4861503893430275,Moderate,-13.098725520448722,0,21.896976798602783,1
318,32.0,21,1,2.396343614714965,0.48106279134190105,1.885766142060252,High,1.8069780275420697,1,22.324359281721602,1
319,32.0,4,1,4.309144555272068,1.0469491760627798,4.104040770166097,Moderate,3.0583814442043393,1,21.59793325548333,1
320,32.0,2,1,-1.377825033041224,1.0444845750471543,4.094379534184845,Moderate,-1.9254114020815827,0,20.65402031975325,1
321,33.0,13,0,-6.206216729995924,1.178656882268263,4.6203349784915915,Low,-5.531674870030141,0,19.761721539300417,1
322,33.0,17,1,-2.005423393515777,1.6230749952618961,6.362453981426633,Low,-0.3600506079016692,0,24.983601223744213,1
323,33.0,11,0,-2.093773027541861,0.7781168900630825,3.050218209047283,High,-2.3958711892264497,0,20.843414309396,1
324,33.0,5,1,5.338312142557604,0.37017313242997224,1.4510786791254913,High,5.154997612479755,1,24.05685222073102,1
325,33.0,8,1,3.059152360559369,2.0937297028242496,8.20742043507106,Low,-1.546061879256073,1,23.52830855732931,0
326,33.0,18,0,4.833103361553785,0.7039650654901388,2.759543056721344,High,5.01766448946012,1,19.78137928884127,1
327,33.0,10,0,3.742873963766576,0.6674793660657374,2.6165191149776907,High,4.877725635611796,1,20.7454041973454,1
328,33.0,23,1,-1.1885689528193244,1.1394294288326239,4.466563361023885,Low,-0.17913019554975765,0,25.794383417979176,1
329,33.0,22,0,9.126479040030636,1.1595826298635443,4.545563909065094,Low,7.690182832329846,1,19.441890642294045,1
330,33.0,16,0,5.004921903691434,1.0497360742052937,4.114965410884751,Moderate,6.781200142854114,1,21.39315996908978,1
331,34.0,7,1,-4.360405964293234,1.1954901704476888,4.68632146815494,Low,-4.196087616113193,0,26.612278257988645,1
332,34.0,15,1,5.762250181198173,1.2925715924671333,5.066880642471162,Low,4.06262911197099,1,25.782870243581346,1
333,34.0,23,1,-0.45950103585679913,1.1394294288326239,4.466563361023885,Low,-0.17913019554975765,0,27.170942717497812,1
334,34.0,11,1,-2.532730910602518,0.7781168900630825,3.050218209047283,High,-2.3958711892264497,0,22.611143654649542,1
335,34.0,6,1,4.098518526579758,0.895981114390287,3.512245968409925,Moderate,4.656400595580993,1,21.257529414301953,1
336,34.0,14,0,-6.993883676708072,0.7672979420389379,3.0078079327926366,High,-5.981033120403354,0,17.932145273564007,1
337,34.0,25,0,-14.43690958110703,0.8893240789140376,3.4861503893430275,Moderate,-13.098725520448722,0,20.082439752934505,1
338,34.0,10,0,3.904840084740779,0.6674793660657374,2.6165191149776907,High,4.877725635611796,1,19.422469906492445,1
339,34.0,19,1,0.21637357605857366,0.8488854091806922,3.3276308039883133,Moderate,1.8081801252381706,0,21.83986720443336,0
340,34.0,8,0,-0.14045722049543108,2.0937297028242496,8.20742043507106,Low,-1.546061879256073,0,20.26866142668377,1
341,35.0,10,0,5.336860213182455,0.6674793660657374,2.6165191149776907,High,4.877725635611796,1,19.623004840832962,1
342,35.0,2,1,-1.3240183004624697,1.0444845750471543,4.094379534184845,Moderate,-1.9254114020815827,0,23.085593676408173,1
343,35.0,12,0,0.8608144999300273,1.5804364749402076,6.195310981765614,Low,-0.9282948833190856,1,19.794787025500803,0
344,35.0,4,0,3.9565414553268186,1.0469491760627798,4.104040770166097,Moderate,3.0583814442043393,1,21.505818287639656,1
345,35.0,6,1,5.38123633886584,0.895981114390287,3.512245968409925,Moderate,4.656400595580993,1,22.05557555999816,1
346,35.0,21,0,3.032164754998208,0.48106279134190105,1.885766142060252,High,1.8069780275420697,1,18.92510094269088,1
347,35.0,5,1,5.62959618613607,0.37017313242997224,1.4510786791254913,High,5.154997612479755,1,22.316942617012163,1
348,35.0,22,0,9.894474749647364,1.1595826298635443,4.545563909065094,Low,7.690182832329846,1,19.23131368592996,1
349,35.0,17,1,-1.2854401282175716,1.6230749952618961,6.362453981426633,Low,-0.3600506079016692,0,26.335805666491495,1
350,35.0,3,0,-3.5058874390122776,0.8611352731411688,3.3756502707133818,Moderate,-3.3846100015297935,0,19.664604277226207,1
351,36.0,5,0,4.745695451803872,0.37017313242997224,1.4510786791254913,High,5.154997612479755,1,19.69196571581426,1
352,36.0,18,0,5.566518267119182,0.7039650654901388,2.759543056721344,High,5.01766448946012,1,19.838655788348206,1
353,36.0,16,1,6.19107208559007,1.0497360742052937,4.114965410884751,Moderate,6.781200142854114,1,20.31656180777905,1
354,36.0,11,1,-3.0229322991633936,0.7781168900630825,3.050218209047283,High,-2.3958711892264497,0,23.27248744659874,1
355,36.0,1,0,1.5805933156973124,1.5082518307886812,5.91234717669163,Low,1.620419846973975,1,19.190396480078356,1
356,36.0,14,0,-5.655651953687175,0.7672979420389379,3.0078079327926366,High,-5.981033120403354,0,19.524294736268804,1
357,36.0,25,1,-13.486814000592345,0.8893240789140376,3.4861503893430275,Moderate,-13.098725520448722,0,21.911637040794666,1
358,36.0,20,0,-3.5297359194174147,0.8219677842811336,3.2221137143820435,High,-3.2255987730256215,0,19.64501271588671,1
359,36.0,23,1,0.6150001635042914,1.1394294288326239,4.466563361023885,Low,-0.17913019554975765,0,26.173124637586643,1
360,36.0,10,1,5.124454171731329,0.6674793660657374,2.6165191149776907,High,4.877725635611796,1,20.513722970049706,1
361,37.0,15,1,4.8832929034040715,1.2925715924671333,5.066880642471162,Low,4.06262911197099,1,23.75838378020397,1
362,37.0,12,1,-0.6655225920080737,1.5804364749402076,6.195310981765614,Low,-0.9282948833190856,0,25.56481414968293,1
363,37.0,23,1,-1.206993834206963,1.1394294288326239,4.466563361023885,Low,-0.17913019554975765,0,26.06534762654163,1
364,37.0,1,0,0.6636706962491347,1.5082518307886812,5.91234717669163,Low,1.620419846973975,1,20.454971890600973,1
365,37.0,20,1,-2.7950847475971914,0.8219677842811336,3.2221137143820435,High,-3.2255987730256215,0,22.25796216158166,1
366,37.0,10,1,4.197189284006457,0.6674793660657374,2.6165191149776907,High,4.877725635611796,1,19.902104558691327,1
367,37.0,14,0,-5.730280989384357,0.7672979420389379,3.0078079327926366,High,-5.981033120403354,0,20.16135792464251,1
368,37.0,8,0,-2.372661263352881,2.0937297028242496,8.20742043507106,Low,-1.546061879256073,0,20.653711880256193,1
369,37.0,19,0,1.7640213707160373,0.8488854091806922,3.3276308039883133,Moderate,1.8081801252381706,1,19.91639886140908,1
370,37.0,25,1,-14.81021918165446,0.8893240789140376,3.4861503893430275,Moderate,-13.098725520448722,0,23.93638930256891,1
371,38.0,10,0,6.435118131460578,0.6674793660657374,2.6165191149776907,High,4.877725635611796,1,21.95706364054164,1
372,38.0,6,1,4.440097843102823,0.895981114390287,3.512245968409925,Moderate,4.656400595580993,1,22.407052287124536,1
373,38.0,2,0,-0.7290700622180959,1.0444845750471543,4.094379534184845,Moderate,-1.9254114020815827,0,19.105650087324598,1
374,38.0,5,1,4.90181418124354,0.37017313242997224,1.4510786791254913,High,5.154997612479755,1,22.513085420097294,1
375,38.0,20,0,-2.8022502880625617,0.8219677842811336,3.2221137143820435,High,-3.2255987730256215,0,20.42137981109808,1
376,38.0,22,1,7.001576095273295,1.1595826298635443,4.545563909065094,Low,7.690182832329846,1,25.708303847201062,1
377,38.0,25,1,-13.78088556298155,0.8893240789140376,3.4861503893430275,Moderate,-13.098725520448722,0,21.179758670551298,1
378,38.0,12,0,-0.9662693866443589,1.5804364749402076,6.195310981765614,Low,-0.9282948833190856,0,19.855481329284483,1
379,38.0,1,0,1.7814818270361823,1.5082518307886812,5.91234717669163,Low,1.620419846973975,1,20.030190787210156,1
380,38.0,16,0,7.420077330125804,1.0497360742052937,4.114965410884751,Moderate,6.781200142854114,1,19.18291136893181,1
381,39.0,24,0,7.41571551474196,1.0025599995383618,3.9300351981903785,Moderate,7.82321827907003,1,19.298292401875123,1
382,39.0,4,1,3.6693689120025947,1.0469491760627798,4.104040770166097,Moderate,3.0583814442043393,1,23.089835536450433,1
383,39.0,18,1,6.46231776624015,0.7039650654901388,2.759543056721344,High,5.01766448946012,1,19.476512529792124,1
384,39.0,20,0,-1.7455153887077672,0.8219677842811336,3.2221137143820435,High,-3.2255987730256215,0,18.98375082554175,1
385,39.0,25,1,-13.717223054006869,0.8893240789140376,3.4861503893430275,Moderate,-13.098725520448722,0,22.556217578997504,1
386,39.0,1,0,2.8454819836149507,1.5082518307886812,5.91234717669163,Low,1.620419846973975,1,19.786287848004118,1
387,39.0,9,0,2.2017814198661965,0.7717187497455756,3.0251374990026565,High,1.6563171570178197,1,20.88499338608111,1
388,39.0,5,1,5.2323894242872075,0.37017313242997224,1.4510786791254913,High,5.154997612479755,1,21.57094807315215,1
389,39.0,12,1,-1.1960986388886052,1.5804364749402076,6.195310981765614,Low,-0.9282948833190856,0,26.06960826215798,1
390,39.0,23,1,0.036937668678776514,1.1394294288326239,4.466563361023885,Low,-0.17913019554975765,0,23.810927134196152,1
391,40.0,2,1,-2.07106088607816,1.0444845750471543,4.094379534184845,Moderate,-1.9254114020815827,0,22.000527958856598,1
392,40.0,9,0,2.1202796776399984,0.7717187497455756,3.0251374990026565,High,1.6563171570178197,1,19.790547434350923,1
393,40.0,3,0,-3.8221874494248183,0.8611352731411688,3.3756502707133818,Moderate,-3.3846100015297935,0,19.546751590976985,1
394,40.0,18,1,6.040150892486119,0.7039650654901388,2.759543056721344,High,5.01766448946012,1,22.48252404882859,1
395,40.0,16,1,7.871993271241113,1.0497360742052937,4.114965410884751,Moderate,6.781200142854114,1,22.670480617241214,1
396,40.0,6,1,3.696036757454385,0.895981114390287,3.512245968409925,Moderate,4.656400595580993,1,21.582036496161354,1
397,40.0,23,1,-1.1700499035234024,1.1394294288326239,4.466563361023885,Low,-0.17913019554975765,0,23.810588107132673,1
398,40.0,7,1,-2.232288247235413,1.1954901704476888,4.68632146815494,Low,-4.196087616113193,0,24.85177712240823,1
399,40.0,4,0,2.4887217380066637,1.0469491760627798,4.104040770166097,Moderate,3.0583814442043393,1,20.04091917539572,1
400,40.0,14,0,-6.750009492761717,0.7672979420389379,3.0078079327926366,High,-5.981033120403354,0,18.866184404913117,1
401,41.0,5,0,4.9913928604677364,0.37017313242997224,1.4510786791254913,High,5.154997612479755,1,20.231648015483984,1
402,41.0,25,0,-12.122387874058948,0.8893240789140376,3.4861503893430275,Moderate,-13.098725520448722,0,18.646440143865608,1
403,41.0,19,0,0.20563316410966048,0.8488854091806922,3.3276308039883133,Moderate,1.8081801252381706,1,21.244053895862187,1
404,41.0,7,0,-5.180405451934325,1.1954901704476888,4.68632146815494,Low,-4.196087616113193,0,21.919000893218605,1
405,41.0,16,1,7.401616791407981,1.0497360742052937,4.114965410884751,Moderate,6.781200142854114,1,22.355792974927663,1
406,41.0,18,1,5.558673690052705,0.7039650654901388,2.759543056721344,High,5.01766448946012,1,23.15323857854524,1
407,41.0,21,0,1.5799839339224504,0.48106279134190105,1.885766142060252,High,1.8069780275420697,1,20.29789491647869,1
408,41.0,2,1,-1.3339397580726562,1.0444845750471543,4.094379534184845,Moderate,-1.9254114020815827,0,24.40737758393122,1
409,41.0,13,0,-4.530894460222374,1.178656882268263,4.6203349784915915,Low,-5.531674870030141,0,22.12643558897321,1
410,41.0,9,1,1.9904533812814513,0.7717187497455756,3.0251374990026565,High,1.6563171570178197,1,22.325431758536297,1
411,42.0,2,1,-3.062938784388528,1.0444845750471543,4.094379534184845,Moderate,-1.9254114020815827,0,22.03786191500895,1
412,42.0,16,0,7.394847118405766,1.0497360742052937,4.114965410884751,Moderate,6.781200142854114,1,20.006799844559996,1
413,42.0,3,0,-2.6599402628513507,0.8611352731411688,3.3756502707133818,Moderate,-3.3846100015297935,0,22.18764987455002,1
414,42.0,9,0,0.1943167689082934,0.7717187497455756,3.0251374990026565,High,1.6563171570178197,1,19.733347670765585,1
415,42.0,14,0,-5.637389723035441,0.7672979420389379,3.0078079327926366,High,-5.981033120403354,0,20.047961445981546,1
416,42.0,6,0,4.9537264299869355,0.895981114390287,3.512245968409925,Moderate,4.656400595580993,1,18.63682599540719,1
417,42.0,25,0,-12.953992993617048,0.8893240789140376,3.4861503893430275,Moderate,-13.098725520448722,0,20.54870826798503,1
418,42.0,23,1,-0.8413051021852079,1.1394294288326239,4.466563361023885,Low,-0.17913019554975765,0,25.019147777415753,1
419,42.0,21,1,1.7661406944968203,0.48106279134190105,1.885766142060252,High,1.8069780275420697,1,21.038511630344463,1
420,42.0,1,1,2.8735543861833612,1.5082518307886812,5.91234717669163,Low,1.620419846973975,1,25.472406277880378,1
421,43.0,20,0,-3.880025443072287,0.8219677842811336,3.2221137143820435,High,-3.2255987730256215,0,19.242007777481327,1
422,43.0,17,1,-2.902353693310836,1.6230749952618961,6.362453981426633,Low,-0.3600506079016692,0,26.321304032273012,1
423,43.0,1,0,1.9937301482920506,1.5082518307886812,5.91234717669163,Low,1.620419846973975,1,20.100520094508163,1
424,43.0,6,0,5.182997056532416,0.895981114390287,3.512245968409925,Moderate,4.656400595580993,1,20.79062559916277,1
425,43.0,14,1,-4.923151969426459,0.7672979420389379,3.0078079327926366,High,-5.981033120403354,0,21.28991888095956,1
426,43.0,3,1,-3.899318746897415,0.8611352731411688,3.3756502707133818,Moderate,-3.3846100015297935,0,21.046060580603356,1
427,43.0,7,0,-3.940367644257583,1.1954901704476888,4.68632146815494,Low,-4.196087616113193,0,18.459752367968925,1
428,43.0,2,1,0.14620492658188278,1.0444845750471543,4.094379534184845,Moderate,-1.9254114020815827,0,22.104355937523213,1
429,43.0,13,0,-4.613178339481067,1.178656882268263,4.6203349784915915,Low,-5.531674870030141,0,21.411050901059223,1
430,43.0,8,0,-2.394880854019246,2.0937297028242496,8.20742043507106,Low,-1.546061879256073,0,19.987911052153944,1
431,44.0,6,0,4.754484189388261,0.895981114390287,3.512245968409925,Moderate,4.656400595580993,1,19.42712791046225,1
432,44.0,11,0,-3.692688805923151,0.7781168900630825,3.050218209047283,High,-2.3958711892264497,0,19.51277143588645,1
433,44.0,24,0,8.515222085340636,1.0025599995383618,3.9300351981903785,Moderate,7.82321827907003,1,19.26848659610367,1
434,44.0,12,0,-2.5453903904016144,1.5804364749402076,6.195310981765614,Low,-0.9282948833190856,0,18.851205964841345,1
435,44.0,2,1,-2.1883402164888546,1.0444845750471543,4.094379534184845,Moderate,-1.9254114020815827,0,20.937702844833627,1
436,44.0,17,1,-2.3049544085456466,1.6230749952618961,6.362453981426633,Low,-0.3600506079016692,0,25.462060893251895,1
437,44.0,13,0,-3.811151849250317,1.178656882268263,4.6203349784915915,Low,-5.531674870030141,0,19.40157406465644,1
438,44.0,20,1,-3.03771623116306,0.8219677842811336,3.2221137143820435,High,-3.2255987730256215,0,22.522514105265756,1
439,44.0,21,1,2.0804527115353406,0.48106279134190105,1.885766142060252,High,1.8069780275420697,1,20.411535459582442,1
440,44.0,25,1,-12.393549462227128,0.8893240789140376,3.4861503893430275,Moderate,-13.098725520448722,0,22.250200206251694,1
441,45.0,16,0,7.892038254009389,1.0497360742052937,4.114965410884751,Moderate,6.781200142854114,1,20.63361154057583,1
442,45.0,24,0,7.911412300264146,1.0025599995383618,3.9300351981903785,Moderate,7.82321827907003,1,19.6129002975256,1
443,45.0,23,1,-0.9909670467078091,1.1394294288326239,4.466563361023885,Low,-0.17913019554975765,0,24.939711008608388,1
444,45.0,18,0,5.337824400842018,0.7039650654901388,2.759543056721344,High,5.01766448946012,1,20.575205016106565,1
445,45.0,5,1,5.828425156831038,0.37017313242997224,1.4510786791254913,High,5.154997612479755,1,21.762056452652924,1
446,45.0,12,1,-0.5031194333977282,1.5804364749402076,6.195310981765614,Low,-0.9282948833190856,0,26.097152711753697,1
447,45.0,3,0,-4.346619803186885,0.8611352731411688,3.3756502707133818,Moderate,-3.3846100015297935,0,20.376574015139123,1
448,45.0,20,1,-2.559921717352534,0.8219677842811336,3.2221137143820435,High,-3.2255987730256215,0,20.634044288799466,1
449,45.0,14,1,-5.927516506823916,0.7672979420389379,3.0078079327926366,High,-5.981033120403354,0,20.997528068394104,1
450,45.0,21,0,1.276946316269206,0.48106279134190105,1.885766142060252,High,1.8069780275420697,1,21.112688374989926,1
451,46.0,17,0,-1.9243036224945667,1.6230749952618961,6.362453981426633,Low,-0.3600506079016692,0,20.343787881549886,1
452,46.0,19,0,1.7668798538676853,0.8488854091806922,3.3276308039883133,Moderate,1.8081801252381706,1,20.07747371873723,1
453,46.0,15,1,3.7648196939044767,1.2925715924671333,5.066880642471162,Low,4.06262911197099,1,25.890198411124786,1
454,46.0,10,0,5.568733205273182,0.6674793660657374,2.6165191149776907,High,4.877725635611796,1,18.338756837293577,1
455,46.0,3,0,-3.4564613804355604,0.8611352731411688,3.3756502707133818,Moderate,-3.3846100015297935,0,19.078140186874688,1
456,46.0,20,1,-4.050819389668161,0.8219677842811336,3.2221137143820435,High,-3.2255987730256215,0,22.395935675626774,1
457,46.0,8,0,-2.6906622102989037,2.0937297028242496,8.20742043507106,Low,-1.546061879256073,0,21.673452090298536,1
458,46.0,13,1,-3.9517312259248927,1.178656882268263,4.6203349784915915,Low,-5.531674870030141,0,26.013675740543864,1
459,46.0,6,1,3.650621649129094,0.895981114390287,3.512245968409925,Moderate,4.656400595580993,1,23.017661466843503,1
460,46.0,12,1,-0.49921379131500254,1.5804364749402076,6.195310981765614,Low,-0.9282948833190856,0,25.27679344932529,1
461,47.0,19,0,1.9994407328315467,0.8488854091806922,3.3276308039883133,Moderate,1.8081801252381706,1,19.868527404328333,1
462,47.0,8,0,0.18345761952496398,2.0937297028242496,8.20742043507106,Low,-1.546061879256073,1,19.507553925669484,0
463,47.0,11,0,-1.0344904027817017,0.7781168900630825,3.050218209047283,High,-2.3958711892264497,0,18.70773730489438,1
464,47.0,20,1,-2.6586811765468257,0.8219677842811336,3.2221137143820435,High,-3.2255987730256215,0,22.56794174307513,1
465,47.0,12,0,-2.1669867290176157,1.5804364749402076,6.195310981765614,Low,-0.9282948833190856,0,19.083808084518758,1
466,47.0,23,0,-1.1269328991640652,1.1394294288326239,4.466563361023885,Low,-0.17913019554975765,0,19.699196687783072,1
467,47.0,6,1,4.136683845972564,0.895981114390287,3.512245968409925,Moderate,4.656400595580993,1,22.499685110302934,1
468,47.0,5,1,5.329720171620003,0.37017313242997224,1.4510786791254913,High,5.154997612479755,1,22.206774779834415,1
469,47.0,15,1,5.1860755502211,1.2925715924671333,5.066880642471162,Low,4.06262911197099,1,24.236713895821417,1
470,47.0,14,0,-5.951923497338997,0.7672979420389379,3.0078079327926366,High,-5.981033120403354,0,20.766467368111595,1
471,48.0,22,0,6.88962249276934,1.1595826298635443,4.545563909065094,Low,7.690182832329846,1,20.793169366793098,1
472,48.0,15,0,4.0412554709407775,1.2925715924671333,5.066880642471162,Low,4.06262911197099,1,21.443632003468814,1
473,48.0,20,1,-3.8003500611721677,0.8219677842811336,3.2221137143820435,High,-3.2255987730256215,0,22.542704397976724,1
474,48.0,3,1,-4.279208810363296,0.8611352731411688,3.3756502707133818,Moderate,-3.3846100015297935,0,22.96818466053286,1
475,48.0,14,0,-6.754326650862824,0.7672979420389379,3.0078079327926366,High,-5.981033120403354,0,20.09960575652144,1
476,48.0,13,1,-7.48795721373705,1.178656882268263,4.6203349784915915,Low,-5.531674870030141,0,23.67754204325643,1
477,48.0,16,1,6.0799022792292305,1.0497360742052937,4.114965410884751,Moderate,6.781200142854114,1,20.85446178200108,1
478,48.0,24,1,6.45635542105897,1.0025599995383618,3.9300351981903785,Moderate,7.82321827907003,1,21.148593565739688,1
479,48.0,21,1,1.1331658876145725,0.48106279134190105,1.885766142060252,High,1.8069780275420697,1,22.417673698483785,1
480,48.0,19,1,2.5271835945962913,0.8488854091806922,3.3276308039883133,Moderate,1.8081801252381706,1,22.606850593215672,1
481,49.0,3,0,-3.6266059322410453,0.8611352731411688,3.3756502707133818,Moderate,-3.3846100015297935,0,19.22034371953929,1
482,49.0,18,0,4.814997870326522,0.7039650654901388,2.759543056721344,High,5.01766448946012,1,20.432959825360697,1
483,49.0,23,0,-0.3455858191675728,1.1394294288326239,4.466563361023885,Low,-0.17913019554975765,0,19.263013819583243,1
484,49.0,12,1,-2.032212053417871,1.5804364749402076,6.195310981765614,Low,-0.9282948833190856,0,27.088442772869925,1
485,49.0,19,0,2.947130326386231,0.8488854091806922,3.3276308039883133,Moderate,1.8081801252381706,1,21.085926696322797,1
486,49.0,10,0,5.582062445558856,0.6674793660657374,2.6165191149776907,High,4.877725635611796,1,20.003375506597163,1
487,49.0,4,1,3.6330296974988867,1.0469491760627798,4.104040770166097,Moderate,3.0583814442043393,1,22.251836750623617,1
488,49.0,6,0,3.834889227727601,0.895981114390287,3.512245968409925,Moderate,4.656400595580993,1,19.59189916083978,1
489,49.0,11,1,-2.763804867447059,0.7781168900630825,3.050218209047283,High,-2.3958711892264497,0,21.867912994480857,1
490,49.0,2,1,-1.7407937469119443,1.0444845750471543,4.094379534184845,Moderate,-1.9254114020815827,0,21.949795382958253,1
491,50.0,4,1,2.220781728389774,1.0469491760627798,4.104040770166097,Moderate,3.0583814442043393,1,23.23743813468414,1
492,50.0,25,1,-13.505414893644646,0.8893240789140376,3.4861503893430275,Moderate,-13.098725520448722,0,22.94069614382268,1
493,50.0,2,1,-2.5591005016404966,1.0444845750471543,4.094379534184845,Moderate,-1.9254114020815827,0,23.20007895642686,1
494,50.0,8,0,-2.575972644491761,2.0937297028242496,8.20742043507106,Low,-1.546061879256073,0,19.311282333577086,1
495,50.0,20,0,-3.7387905696343413,0.8219677842811336,3.2221137143820435,High,-3.2255987730256215,0,19.395255335461787,1
496,50.0,5,1,4.338556316342169,0.37017313242997224,1.4510786791254913,High,5.154997612479755,1,22.968006474940633,1
497,50.0,10,0,5.312603121368976,0.6674793660657374,2.6165191149776907,High,4.877725635611796,1,19.798508466052482,1
498,50.0,7,1,-4.203883784368401,1.1954901704476888,4.68632146815494,Low,-4.196087616113193,0,26.51300926600399,1
499,50.0,19,0,2.196358788620292,0.8488854091806922,3.3276308039883133,Moderate,1.8081801252381706,1,20.704506539824724,1
500,50.0,14,1,-5.375591548028057,0.7672979420389379,3.0078079327926366,High,-5.981033120403354,0,22.057290354453016,1
